{
  "Total" : {
    "transaction" : "Total",
    "sampleCount" : 123037,
    "errorCount" : 0,
    "errorPct" : 0.0,
    "meanResTime" : 2.1256044929574114,
    "medianResTime" : 3.0,
    "minResTime" : 0.0,
    "maxResTime" : 67.0,
    "pct1ResTime" : 4.0,
    "pct2ResTime" : 4.0,
    "pct3ResTime" : 5.0,
    "throughput" : 323.6648892373013,
    "receivedKBytesPerSec" : 116.31706956965515,
    "sentKBytesPerSec" : 36.665163233913034
  },
  "HTTP Request" : {
    "transaction" : "HTTP Request",
    "sampleCount" : 123037,
    "errorCount" : 0,
    "errorPct" : 0.0,
    "meanResTime" : 2.1256044929574114,
    "medianResTime" : 3.0,
    "minResTime" : 0.0,
    "maxResTime" : 67.0,
    "pct1ResTime" : 4.0,
    "pct2ResTime" : 4.0,
    "pct3ResTime" : 5.0,
    "throughput" : 323.6648892373013,
    "receivedKBytesPerSec" : 116.31706956965515,
    "sentKBytesPerSec" : 36.665163233913034
  }
}